{
  "index.html": "HTML entry point for the application. Sets Arabic language (lang='ar') and RTL direction (dir='rtl') at the root level. Imports Cairo font from Google Fonts for optimal Arabic text rendering. Contains the root div where React application mounts and links to the main.jsx entry file.\n\nKeywords: ['HTML', 'entry point', 'RTL', 'Arabic', 'Cairo font']\nComponent Type: ['configuration']\nFunctionality: ['Defines document structure and language settings for Arabic RTL application']\nUse Case: ['Initial page load and font loading']\nRelated Files: ['src/main.jsx', 'src/index.css']",
  "tailwind.config.js": "Tailwind CSS configuration file defining custom color palette and font family. Extends default theme with primary blue colors, semantic colors (success, danger, warning), and Cairo font for Arabic text. Content array specifies which files to scan for class names during build process.\n\nKeywords: ['Tailwind', 'configuration', 'colors', 'fonts', 'theme']\nComponent Type: ['configuration']\nFunctionality: ['Defines design system tokens and build settings for Tailwind CSS']\nUse Case: ['Styling customization and theme definition']\nRelated Files: ['src/index.css', 'all component files']",
  "src/index.css": "Global stylesheet importing Tailwind CSS layers and defining base styles. Sets Cairo font family globally, enforces RTL direction, applies light background color, and includes utility class for hiding scrollbars. Resets default browser margins and padding for consistent rendering.\n\nKeywords: ['CSS', 'global styles', 'Tailwind imports', 'RTL', 'scrollbar']\nComponent Type: ['stylesheet']\nFunctionality: ['Provides global styling foundation and Tailwind CSS integration']\nUse Case: ['Applied to entire application for consistent base styling']\nRelated Files: ['index.html', 'tailwind.config.js']",
  "src/main.jsx": "Application entry point that mounts React application to DOM. Wraps App component with BrowserRouter for routing functionality and StrictMode for development warnings. Imports global styles and initializes React root rendering.\n\nKeywords: ['React', 'entry point', 'ReactDOM', 'BrowserRouter', 'StrictMode']\nComponent Type: ['functional']\nFunctionality: ['Initializes React application and sets up routing context']\nUse Case: ['Application bootstrap and initialization']\nRelated Files: ['index.html', 'src/App.jsx', 'src/index.css']",
  "src/App.jsx": "Main application component defining routing structure. Wraps all routes within Layout component for consistent navigation. Defines routes for dashboard, products CRUD, customers CRUD, invoices (list, create, edit, view), payments, and reports. Redirects root path to dashboard.\n\nKeywords: ['Routes', 'routing', 'navigation', 'App component', 'Layout']\nComponent Type: ['functional', 'layout']\nFunctionality: ['Defines application routing structure and navigation hierarchy']\nUse Case: ['Central routing configuration for entire application']\nRelated Files: ['src/components/Layout.jsx', 'all page components']",
  "src/data/mockData.js": "Mock data file containing static dropdown options for the application. Exports tax rates, status values, payment types, payment methods, and invoice statuses in Arabic. Used across forms and filters throughout the system for consistent option values.\n\nKeywords: ['mock data', 'options', 'dropdowns', 'Arabic labels', 'constants']\nComponent Type: ['functional']\nFunctionality: ['Provides static data arrays for form dropdowns and filters']\nUse Case: ['Referenced in all forms requiring predefined option lists']\nRelated Files: ['src/components/Select.jsx', 'all form components']",
  "src/utils/storage.js": "This utility file manages all localStorage operations for the application, providing a centralized interface for data persistence. It handles CRUD operations for all data entities without using .map() method.\n\nKeywords: ['storage', 'localStorage', 'persistence', 'CRUD', 'data management']\nComponent Type: ['utility', 'data layer']\nFunctionality: ['Provides get/set/add/update/delete operations for localStorage', 'Manages invoice number generation', 'Handles inventory updates', 'Exports/imports application data']\nUse Case: ['Persisting application data', 'Managing data operations', 'Backup and restore functionality']\nRelated Files: ['All page components that handle data operations']",
  "src/utils/calculations.js": "Calculation utilities for invoice and financial operations. Provides functions for line item calculations (subtotal, discount, taxes), invoice totals, profit margins, invoice status determination, and currency formatting. All calculations return rounded values to 2 decimal places for accuracy.\n\nKeywords: ['calculations', 'invoice', 'totals', 'taxes', 'profit', 'currency']\nComponent Type: ['functional']\nFunctionality: ['Performs all financial calculations and formatting throughout the system']\nUse Case: ['Invoice creation, reports, payment processing']\nRelated Files: ['src/pages/InvoiceForm.jsx', 'src/pages/Reports.jsx', 'src/pages/InvoiceView.jsx']",
  "src/components/Button.jsx": "Reusable button component with multiple variants (primary, secondary, success, danger, outline) and sizes (small, medium, large). Includes Framer Motion animations for hover and tap states. Supports disabled state with visual feedback and custom className for additional styling.\n\nKeywords: ['Button', 'component', 'reusable', 'variants', 'Framer Motion']\nComponent Type: ['UI']\nFunctionality: ['Provides consistent button styling and behavior across the application']\nUse Case: ['All forms, actions, and interactive elements requiring button functionality']\nRelated Files: ['all page components', 'src/components/Modal.jsx']",
  "src/components/Input.jsx": "Reusable input component with label, validation, and error display. Supports various input types, required field indicator, disabled state, and custom styling. Includes focus states with primary color ring and error state with danger color border.\n\nKeywords: ['Input', 'form', 'validation', 'component', 'reusable']\nComponent Type: ['UI']\nFunctionality: ['Provides consistent input field styling and validation feedback']\nUse Case: ['All forms requiring text, number, date, or other input types']\nRelated Files: ['src/pages/ProductForm.jsx', 'src/pages/CustomerForm.jsx', 'src/pages/InvoiceForm.jsx']",
  "src/components/Select.jsx": "Reusable select dropdown component with label, validation, and error display. Accepts options array with value-label pairs, supports required field indicator, disabled state, and custom placeholder text. Includes focus states and error styling consistent with Input component.\n\nKeywords: ['Select', 'dropdown', 'form', 'component', 'reusable']\nComponent Type: ['UI']\nFunctionality: ['Provides consistent dropdown styling and validation feedback']\nUse Case: ['All forms requiring selection from predefined options']\nRelated Files: ['src/data/mockData.js', 'all form components']",
  "src/components/Modal.jsx": "Reusable modal dialog component with overlay backdrop, multiple size options, and smooth animations. Uses Framer Motion for entrance/exit animations and AnimatePresence for mount/unmount transitions. Includes close button and handles click-outside-to-close functionality.\n\nKeywords: ['Modal', 'dialog', 'overlay', 'Framer Motion', 'component']\nComponent Type: ['UI']\nFunctionality: ['Provides modal dialog functionality with animations and accessibility']\nUse Case: ['Forms, confirmations, and content that requires focused user attention']\nRelated Files: ['src/components/Button.jsx', 'form components']",
  "src/components/Sidebar.jsx": "Navigation sidebar component displaying main menu items with icons and labels. Uses react-router-dom for navigation and highlights active route. Includes Framer Motion hover animation that slides menu items. Fixed position with dark background for visual hierarchy.\n\nKeywords: ['Sidebar', 'navigation', 'menu', 'routing', 'Lucide icons']\nComponent Type: ['layout']\nFunctionality: ['Provides main navigation structure for the application']\nUse Case: ['Persistent navigation across all pages']\nRelated Files: ['src/components/Layout.jsx', 'src/App.jsx']",
  "src/components/Layout.jsx": "Main layout component providing application structure. Displays sidebar navigation and renders child routes via Outlet. Uses flexbox layout with sidebar fixed and main content area scrollable. Container constrains content width and provides consistent padding.\n\nKeywords: ['Layout', 'structure', 'Outlet', 'routing', 'container']\nComponent Type: ['layout']\nFunctionality: ['Provides consistent layout structure wrapping all page content']\nUse Case: ['Wraps all application routes to provide navigation and content area']\nRelated Files: ['src/components/Sidebar.jsx', 'src/App.jsx']",
  "src/pages/Dashboard.jsx": "Dashboard page displaying key business metrics and low-stock alerts. Shows statistics cards for products, customers, invoices, and total sales with animated entry. Includes low-stock products table with warning styling when items fall below minimum levels. Links to relevant pages for quick navigation.\n\nKeywords: ['Dashboard', 'statistics', 'low stock', 'metrics', 'overview']\nComponent Type: ['layout']\nFunctionality: ['Provides business overview with key metrics and inventory alerts']\nUse Case: ['Landing page after login showing system status']\nRelated Files: ['src/utils/storage.js', 'src/utils/calculations.js', 'src/components/Button.jsx']",
  "src/pages/Products.jsx": "This file manages the product listing page with inventory tracking, search, filtering, and CRUD operations. It displays all products in a table format with stock levels and status indicators.\n\nKeywords: ['products', 'inventory', 'stock', 'search', 'filter', 'CRUD']\nComponent Type: ['page', 'data display', 'table']\nFunctionality: ['Displays all products in a searchable/filterable table', 'Shows stock levels with low-stock warnings', 'Provides edit/delete actions for each product']\nUse Case: ['Managing product catalog', 'Tracking inventory levels', 'Searching products by name or code']\nRelated Files: ['src/pages/ProductForm.jsx', 'src/utils/storage.js', 'src/utils/calculations.js']",
  "src/pages/ProductForm.jsx": "Product creation and editing form with validation. Handles both new product creation and editing existing products based on URL parameter. Includes fields for product code, name, description, pricing, inventory levels, dual tax rates, and status. Converts string inputs to appropriate numeric types before saving.\n\nKeywords: ['ProductForm', 'CRUD', 'form', 'validation', 'inventory']\nComponent Type: ['layout']\nFunctionality: ['Provides interface for creating and editing product records']\nUse Case: ['Adding new products or updating existing product information']\nRelated Files: ['src/pages/Products.jsx', 'src/utils/storage.js', 'src/components/Input.jsx', 'src/components/Select.jsx']",
  "src/pages/Customers.jsx": "This file manages the customer listing page with search, filtering, and CRUD operations. It displays all customers in a table format with contact information and status indicators.\n\nKeywords: ['customers', 'contacts', 'search', 'filter', 'CRUD']\nComponent Type: ['page', 'data display', 'table']\nFunctionality: ['Displays all customers in a searchable/filterable table', 'Shows customer contact details and status', 'Provides edit/delete actions for each customer']\nUse Case: ['Managing customer database', 'Searching customers by name, phone, or email', 'Tracking customer status']\nRelated Files: ['src/pages/CustomerForm.jsx', 'src/utils/storage.js']",
  "src/pages/CustomerForm.jsx": "Customer creation and editing form with validation. Handles both new customer creation and editing existing customers based on URL parameter. Includes fields for customer name, phone, email, address, tax number, and status. Validates required fields and email format.\n\nKeywords: ['CustomerForm', 'CRUD', 'form', 'validation']\nComponent Type: ['layout']\nFunctionality: ['Provides interface for creating and editing customer records']\nUse Case: ['Adding new customers or updating existing customer information']\nRelated Files: ['src/pages/Customers.jsx', 'src/utils/storage.js', 'src/components/Input.jsx', 'src/components/Select.jsx']",
  "src/pages/Invoices.jsx": "This file manages the invoice listing page with search, filtering, and CRUD operations. It displays all invoices in a table format with customer information, payment status, and action buttons.\n\nKeywords: ['invoices', 'billing', 'payments', 'customers', 'search', 'filter', 'CRUD']\nComponent Type: ['page', 'data display', 'table']\nFunctionality: ['Displays all invoices in a searchable/filterable table', 'Shows payment status and remaining balances', 'Provides view/edit/delete actions for each invoice']\nUse Case: ['Managing invoice records', 'Tracking payment status', 'Searching invoices by number or customer']\nRelated Files: ['src/pages/InvoiceForm.jsx', 'src/pages/InvoiceView.jsx', 'src/utils/storage.js', 'src/utils/calculations.js']",
  "src/pages/InvoiceForm.jsx": "Comprehensive invoice creation and editing form with dynamic line items. Features include customer selection, automatic invoice numbering, payment type selection (cash/credit), dynamic product rows with auto-fill from product catalog, real-time line item calculations (subtotal, discount, dual taxes), invoice-level discount, and automatic totals calculation. Handles inventory deduction on creation and payment record generation for cash invoices.\n\nKeywords: ['InvoiceForm', 'CRUD', 'dynamic rows', 'calculations', 'inventory', 'payments']\nComponent Type: ['layout']\nFunctionality: ['Provides comprehensive interface for creating and editing invoices with automatic calculations']\nUse Case: ['Creating new invoices or modifying existing ones with full calculation support']\nRelated Files: ['src/pages/Invoices.jsx', 'src/utils/storage.js', 'src/utils/calculations.js', 'src/data/mockData.js']",
  "src/pages/InvoiceView.jsx": "Invoice detail view page displaying complete invoice information. Shows invoice header with number and dates, customer details, itemized line items table, totals breakdown, payment history, and remaining balance. Includes print functionality and button to add payment for credit invoices. Print styles hide interactive elements when printing.\n\nKeywords: ['InvoiceView', 'detail', 'print', 'payments', 'display']\nComponent Type: ['layout']\nFunctionality: ['Displays complete invoice details with payment history and print capability']\nUse Case: ['Viewing invoice details and managing payments']\nRelated Files: ['src/pages/Invoices.jsx', 'src/pages/PaymentForm.jsx', 'src/utils/storage.js', 'src/utils/calculations.js']",
  "src/pages/Payments.jsx": "This file manages the payment listing page with search functionality and payment tracking. It displays all payments in a table format with invoice references and payment methods.\n\nKeywords: ['payments', 'transactions', 'invoices', 'search', 'payment methods']\nComponent Type: ['page', 'data display', 'table']\nFunctionality: ['Displays all payments in a searchable table', 'Shows payment details with invoice references', 'Calculates total payments amount']\nUse Case: ['Tracking payment records', 'Searching payments by invoice or date', 'Viewing payment history']\nRelated Files: ['src/pages/PaymentForm.jsx', 'src/pages/InvoiceView.jsx', 'src/utils/storage.js', 'src/utils/calculations.js']",
  "src/pages/PaymentForm.jsx": "Payment creation form for recording payments against credit invoices. Displays invoice summary with total, paid, and remaining amounts. Pre-fills payment amount with remaining balance. Validates payment amount doesn't exceed remaining balance. Updates invoice paid amount and remaining balance automatically.\n\nKeywords: ['PaymentForm', 'CRUD', 'validation', 'invoice update']\nComponent Type: ['layout']\nFunctionality: ['Provides interface for recording payments against invoices']\nUse Case: ['Recording partial or full payments for credit invoices']\nRelated Files: ['src/pages/InvoiceView.jsx', 'src/pages/Payments.jsx', 'src/utils/storage.js']",
  "src/pages/Reports.jsx": "This file manages comprehensive sales reporting with daily, monthly, and product-wise analytics. It provides business intelligence through various report types and calculations.\n\nKeywords: ['reports', 'analytics', 'sales', 'statistics', 'business intelligence']\nComponent Type: ['page', 'analytics', 'reports']\nFunctionality: ['Generates daily sales reports with invoice counts and totals', 'Creates monthly reports with top products and customers', 'Provides product-wise sales analysis with profit calculations']\nUse Case: ['Analyzing sales performance', 'Tracking top-selling products', 'Identifying best customers', 'Calculating business profits']\nRelated Files: ['src/utils/storage.js', 'src/utils/calculations.js']",
  "src/pages/Settings.jsx": "This Settings page component provides comprehensive application configuration management. It includes five main sections accessible through tabs: User Preferences (business profile), System Configuration (currency, taxes, invoice settings), Notifications (alert preferences), Appearance (theme, language, date format), and Data Management (backup/restore/clear operations). The component uses localStorage for persistence and includes modal dialogs for critical operations like data backup and restore.\n\nKeywords: ['settings', 'configuration', 'preferences', 'backup', 'restore', 'notifications', 'appearance', 'data management']\nComponent Type: ['page', 'functional']\nFunctionality: ['Provides centralized settings management with tabbed interface for different configuration categories, implements data export/import functionality, manages user preferences and system configurations with localStorage persistence']\nUse Case: ['Configuring application settings', 'Managing user preferences', 'Backing up and restoring data', 'Customizing appearance and notifications']\nRelated Files: ['src/App.jsx', 'src/components/Sidebar.jsx', 'src/utils/storage.js', 'src/components/Button.jsx', 'src/components/Input.jsx', 'src/components/Select.jsx', 'src/components/Modal.jsx']",
  "src/pages/SettingsImportExport.jsx": "This file creates a comprehensive Import & Export Settings page with three main sections for Invoice, Customer, and Product data management. It provides CSV export functionality to download data, CSV import with file validation, duplicate checking, and immediate data reload after successful imports.\n\nKeywords: ['import', 'export', 'csv', 'data management', 'file upload', 'validation', 'settings']\nComponent Type: ['page', 'functional']\nFunctionality: ['Handles CSV export for invoices, customers, and products', 'Validates uploaded CSV files for required fields', 'Prevents duplicate entries during import', 'Shows success/error messages using Modal', 'Reloads data immediately after import']\nUse Case: ['Bulk data import/export operations', 'Data migration', 'Backup and restore', 'Data validation']\nRelated Files: ['src/utils/csvUtils.js', 'src/utils/storage.js', 'src/components/Modal.jsx', 'src/components/Button.jsx']",
  "src/utils/csvUtils.js": "This utility file provides CSV export, import, parsing, and validation functions. It handles CSV file generation with proper escaping, CSV file reading with UTF-8 encoding, line parsing with quote handling, and data validation for required fields.\n\nKeywords: ['csv', 'export', 'import', 'parse', 'validate', 'utility']\nComponent Type: ['utility', 'functional']\nFunctionality: ['Exports data to CSV with proper formatting', 'Imports CSV files and parses them to JSON', 'Handles quoted values and special characters', 'Validates CSV data against required fields']\nUse Case: ['CSV file operations', 'Data import/export', 'File validation', 'Data transformation']\nRelated Files: ['src/pages/SettingsImportExport.jsx', 'src/utils/storage.js']"
}